epoch,train_loss,train_acc,val_loss,val_acc,lr,time_s
1,1.986461928897434,28.453333333333333,1.5830935098648071,41.1,0.09990133642141358,44.69419741630554
2,1.4589517971674602,46.08444444444444,1.5214250273704528,48.76,0.0996057350657239,36.741825103759766
3,1.1754016148461235,57.602222222222224,1.1093525453567505,59.62,0.09911436253643444,39.72893953323364
4,0.948583730867174,66.46888888888888,0.9553767669677734,67.64,0.09842915805643154,41.83076047897339
5,0.7831326679017808,72.95333333333333,0.8898473370552062,70.64,0.09755282581475767,36.136269330978394
6,0.673561608505249,76.80222222222223,0.746781426334381,73.58,0.09648882429441256,50.82870054244995
7,0.5983663964854347,79.25777777777778,0.8162922435760498,72.8,0.09524135262330098,35.54556226730347
8,0.5477850949552324,81.26222222222222,0.6826200605392456,77.82,0.09381533400219318,35.527531147003174
9,0.5158021044625176,82.23333333333333,0.7320437440872193,74.8,0.09221639627510075,35.868133783340454
10,0.4879592928144667,83.13777777777777,0.5372748312473297,81.18,0.09045084971874737,39.00145220756531
11,0.4669566887113783,83.99555555555555,0.5891476102709771,79.7,0.08852566213878946,35.893229246139526
12,0.4473466351032257,84.75111111111111,0.6247152475357056,78.92,0.08644843137107057,39.99233651161194
13,0.42199023083580867,85.37333333333333,0.6413968987464905,79.82,0.08422735529643442,35.86056447029114
14,0.4121942127651638,85.94666666666667,0.5322373100996017,81.9,0.08187119948743447,36.11762809753418
15,0.39700552263259886,86.51777777777778,0.49183304075300693,83.54,0.07938926261462366,36.827266693115234
16,0.3852489651097192,86.88888888888889,0.7235189388275146,76.64,0.07679133974894982,36.380072355270386
17,0.36170718961821663,87.57777777777778,0.5518428151607513,81.48,0.07408768370508576,36.110973834991455
18,0.3535098459031847,87.91777777777777,0.5004943758964538,83.56,0.07128896457825362,36.5967538356781
19,0.34012467970318266,88.41777777777777,0.5109460826396942,83.18,0.06840622763423389,36.74038004875183
20,0.3195886830859714,89.17555555555556,0.48197744634151457,83.72,0.06545084971874736,37.97204256057739
21,0.31650848999553255,89.04444444444445,0.5749005088806153,81.7,0.06243449435824272,48.88095474243164
22,0.29978781994713677,89.61555555555556,0.46953136518001554,84.32,0.05936906572928623,52.041807413101196
23,0.29144029663668736,89.91777777777777,0.5273537327766419,83.18,0.056266661678215216,36.3050057888031
24,0.26896873693996004,90.78888888888889,0.3890116006553173,87.14,0.053139525976465665,36.988375425338745
25,0.26316751408576966,90.98444444444445,0.37152438870370386,87.76,0.049999999999999996,39.28645133972168
26,0.24264121358129714,91.73555555555555,0.41494248287677765,86.56,0.046860474023534326,50.16864347457886
27,0.2372607264359792,91.83777777777777,0.3960179765105247,86.8,0.04373333832178478,54.94357919692993
28,0.2206570081419415,92.4888888888889,0.37902142882347106,87.54,0.040630934270713764,38.40611696243286
29,0.2056985938390096,92.84,0.3303194691777229,88.76,0.03756550564175726,37.12483334541321
30,0.18840948816537856,93.51555555555555,0.40824733575284483,86.3,0.03454915028125265,39.73110604286194
31,0.17354562425083583,94.1,0.30954386917948723,89.58,0.03159377236576612,37.9481258392334
32,0.16000836619536082,94.41777777777777,0.3029114504337311,89.86,0.028711035421746366,37.483309268951416
33,0.15058594369093578,94.88444444444444,0.27820477943867444,90.86,0.025912316294914226,38.64118814468384
34,0.1330017115354538,95.47111111111111,0.2997992373406887,90.62,0.023208660251050155,38.01524901390076
35,0.11440756011539036,96.22222222222223,0.29223673121482135,90.98,0.020610737385376346,37.683518409729004
36,0.09819148338635762,96.75111111111111,0.26824915276803074,91.66,0.01812880051256551,37.61902642250061
37,0.08649864604870479,97.15333333333334,0.270156229781732,91.98,0.015772644703565562,58.8416063785553
38,0.07263859410815769,97.52222222222223,0.29393049788475034,91.46,0.013551568628929433,38.485472440719604
39,0.054770734775066374,98.20222222222222,0.25423730658032,92.76,0.011474337861210542,38.01355767250061
40,0.045996283762984806,98.46888888888888,0.260269107097201,92.72,0.009549150281252632,38.56570386886597
41,0.03153119571788444,99.04666666666667,0.26304604521468283,92.94,0.007783603724899257,39.1400249004364
42,0.02553202569021119,99.2688888888889,0.2372977064530831,93.4,0.0061846659978068205,52.30101037025452
43,0.018492079027659362,99.46666666666667,0.25235177256744357,93.56,0.004758647376699033,39.662511587142944
44,0.014643689107894898,99.59333333333333,0.23289966852939686,93.96,0.0035111757055874327,38.8284752368927
45,0.011422164331873258,99.7311111111111,0.23189176508514212,93.84,0.0024471741852423235,38.74577784538269
46,0.010276337186743817,99.73555555555555,0.2280313183318358,94.2,0.0015708419435684518,38.194424867630005
47,0.00800660670929485,99.83777777777777,0.2283210366637446,94.18,0.000885637463565564,42.14892530441284
48,0.007162031932671865,99.86888888888889,0.2254713939339388,94.32,0.00039426493427611173,39.138946294784546
49,0.007912803223397998,99.83555555555556,0.22429215154433624,94.36,9.866357858642205e-05,40.361225605010986
50,0.006640987515615092,99.88444444444444,0.22654380741007626,94.18,0.0,40.36578893661499
